Nicolaaaaaas,276115287086,2
TonyPokemon,817217021900,1
Dok,730925195344,1
Vicfortinero,496702520577,2
83Nacho83,126010936432,3
EvolutionServer,532625979339,3
Tonypoke2,533448290653,1
racai20,352067005947,2
WhoFedRed,905006417403,3
reiramisuki,435474542564,2
EchelonDiamond,886149269205 ,3
Losxeneizes12,947899750476,1
CQuinty,222300662832,1
HassCristian,211879438561,2
Pepemartin87,733674948657,1
RicardoLuffys,470151087716,3
RichardLuffys,278020480482,2
RichiLuffys,125308267402,1
MysticZool,175808971045,1
Brokenhearts,744823127715,2
K1k388,462838811049,1
Elnek00,248080346733,1
riverteamoooo,457230876124,1
Drarec,072786670016,1
Effysssss,494455194001,1
Wenzack6,884282531996,1
Javucho77,684059578596,1
LucasAttaque,648705061267,3
Mairita5,086764054358,1
Mativita17,918838506323,2
Alejooo98,392226972239,1
Kiaradpalacios,263735410923,1
Dianne,684885288622,1
SebaRicardi,283016340592,2
Diebon1987,306524786768,3
Franpanchi0712,914622087203 ,1
KensoFP,748908992885,2
JessNaide,085834230120,1
mavii1976,822186617220,1
Eltiojuan125,739802468728,3
Blu3rR3m3mb3r,777273664501,2
nicox5x,295824885580,2
JessAtenea,567047545344,3
FakuCABJ12,706638939854,1
aldiitoledo27,151610489752,1
zibra95,702866091771,1
Shaslihex,561989374244,3
CeleR98,626608005345,1
alvaro848451,288911703297,2
yuki521718,659887713381,3
Pipiiiii717,036386158038,2
JerePR,893664565969,3
Josefa,089675602381,2
LeoQuimey,949570611121,1
Ivanchuk1010,090126575339,1
Matimelga,679814706673,2
Tulkaf,496212198678,1
franreyshini,209107308256,2
Assperiano01,789781548179,2
Laramalena,803881714548,1
AbsolRay12,671919042855,3
CosmeFederico,170731528248,2
Emmelitganes,181288403605,1
dieddz,102881394286,3
diedd02,986613991652,2
melkor,485680262180,1
tulkfas34,479214020426,3
Armdura1,828929276512,1
xxsantiagoc,306115370494,2
Matypicachu93,339599830304,3
Hummitas,020261140552,1
IcewolfAr,216501655612,1
Emmachari,417140847484,2
00JoseBarrera00,786600694918,1
GJavierch94,630896109535,1
RagnarAkd,046357872688,1
leeonel98,485834058952,2
Ivantovich98,829803981496,2
Flowstrat,243648109760,1
agusssugus,837400877970,2
Dramaqueenhc,291438462582,1
BrianP99,422435352487,1
Palitooo18,042020085325,3
Junior9153,931494750145,1
Ferelsolitario4,234624825663,3
Mmeghan92,139105539654,1
BelaHumi,536194977114,1
Gengarrizeed,015891011952,3
Ezequielmanolo,847592570843,2
LeinadBallere,525009608360,1
Glrldsm13,723926293379,1
alvaro0494,197758060079,1
Heidielperro,019288272222,1
Heidiperron,485563458047,1
Heidiperron2,363625709151,1
Azotador222,000933431141,2
Stefiii1401,907416161423,2
Vanealex2020,237019958627,3
Paquiao779,559051891232,1
leilajazmin,655021063917,1
